{
  "embedding_models": {
    "resnet": {
      "avg_total_time": 0.5014847119649252,
      "avg_per_image": 0.05014847119649252,
      "feature_dim": {
        "model_dim": 512
      },
      "all_times": [
        0.5015609264373779,
        0.517003059387207,
        0.48589015007019043
      ]
    }
  },
  "milvus_search": {
    "avg_search_time": 0.023511576652526855,
    "min_search_time": 0.001725912094116211,
    "max_search_time": 0.21548223495483398,
    "all_times": [
      0.21548223495483398,
      0.0032389163970947266,
      0.0021626949310302734,
      0.0023381710052490234,
      0.001865386962890625,
      0.001725912094116211,
      0.001967191696166992,
      0.0021317005157470703,
      0.0020558834075927734,
      0.002147674560546875
    ],
    "top_k": 5
  },
  "test_info": {
    "num_test_images": 10,
    "timestamp": "2026-03-03 21:11:32"
  }
}