{
  "embedding_models": {
    "resnet": {
      "avg_total_time": 0.5775547822316488,
      "avg_per_image": 0.05775547822316488,
      "feature_dim": {
        "model_dim": 512
      },
      "all_times": [
        0.6046934127807617,
        0.5682318210601807,
        0.5597391128540039
      ]
    }
  },
  "milvus_search": {
    "avg_search_time": 0.01606755256652832,
    "min_search_time": 0.0036773681640625,
    "max_search_time": 0.12204647064208984,
    "all_times": [
      0.12204647064208984,
      0.004032135009765625,
      0.0037157535552978516,
      0.005706310272216797,
      0.004467487335205078,
      0.004935264587402344,
      0.0036773681640625,
      0.004200935363769531,
      0.003702402114868164,
      0.004191398620605469
    ],
    "top_k": 5
  },
  "test_info": {
    "num_test_images": 10,
    "timestamp": "2025-10-07 10:57:01"
  }
}