{
  "model_name": "vit",
  "vdb_type": "milvus",
  "metrics": {
    "mAP": 0.9845023618028467,
    "Precision@1": 0.99,
    "Recall@1": 0.0012543361599867422,
    "NRecall@1": 0.99,
    "NDCG@1": 0.99,
    "Precision@5": 0.9897999999999999,
    "Recall@5": 0.006270403728717748,
    "NRecall@5": 0.9897999999999999,
    "NDCG@5": 0.9900341736420387,
    "Precision@10": 0.9901,
    "Recall@10": 0.012544573259305218,
    "NRecall@10": 0.9901,
    "NDCG@10": 0.9901839999800681,
    "Precision@20": 0.98975,
    "Recall@20": 0.02508025447183223,
    "NRecall@20": 0.98975,
    "NDCG@20": 0.989909072147536
  }
}{
  "model_name": "resnet",
  "vdb_type": "milvus",
  "metrics": {
    "mAP": 0.9180225835029696,
    "Precision@1": 0.9715,
    "Recall@1": 0.001230765375040425,
    "NRecall@1": 0.9715,
    "NDCG@1": 0.9715,
    "Precision@5": 0.9604,
    "Recall@5": 0.006082999270812504,
    "NRecall@5": 0.9604,
    "NDCG@5": 0.9625132749170304,
    "Precision@10": 0.95605,
    "Recall@10": 0.012110769263429584,
    "NRecall@10": 0.95605,
    "NDCG@10": 0.9588416138608965,
    "Precision@20": 0.9501499999999999,
    "Recall@20": 0.024071780807903002,
    "NRecall@20": 0.9501499999999999,
    "NDCG@20": 0.953742520811855
  }
}