{
  "model_name": "resnet",
  "vdb_type": "milvus",
  "metrics": {
    "mAP": 0.4099843359329599,
    "Precision@1": 0.7272727272727273,
    "Recall@1": 0.014297447499193034,
    "Precision@5": 0.7090909090909091,
    "Recall@5": 0.0699947880290429,
    "Precision@10": 0.6818181818181818,
    "Recall@10": 0.13470924780328472,
    "Precision@20": 0.6090909090909091,
    "Recall@20": 0.24089597089420514
  }
}